{"cameraMode":{"drawMode":0,"name":"Shaded","section":"Shading Mode"},"sceneLighting":true,"audioPlay":false,"sceneViewState":{"showFog":true,"showMaterialUpdate":true,"showSkybox":true,"showFlares":true,"showImageEffects":true,"showParticleSystems":true},"in2DMode":false,"pivot":{"x":-19.78546142578125,"y":-20.54945182800293,"z":22.801816940307618},"rotation":{"x":0.1850094497203827,"y":-0.594158947467804,"z":0.14270992577075959,"w":0.769790768623352},"size":0.21617500483989716,"orthographic":false}