{"cameraMode":{"drawMode":0,"name":"Shaded","section":"Shading Mode"},"sceneLighting":true,"audioPlay":false,"sceneViewState":{"showFog":true,"showMaterialUpdate":false,"showSkybox":true,"showFlares":true,"showImageEffects":true,"showParticleSystems":true},"in2DMode":false,"pivot":{"x":616.0162353515625,"y":5.60243034362793,"z":-202.3223419189453},"rotation":{"x":0.02192058600485325,"y":-0.9692535400390625,"z":0.2282419204711914,"w":0.09129711985588074},"size":33.5536003112793,"orthographic":false}