{"cameraMode":{"drawMode":0,"name":"Shaded","section":"Shading Mode"},"sceneLighting":true,"audioPlay":false,"sceneViewState":{"showFog":true,"showMaterialUpdate":false,"showSkybox":true,"showFlares":true,"showImageEffects":true,"showParticleSystems":true},"in2DMode":false,"pivot":{"x":788.8296508789063,"y":-55.56766891479492,"z":5.640028953552246},"rotation":{"x":-0.09893836826086045,"y":-0.17939455807209016,"z":0.018511079251766206,"w":-0.978796660900116},"size":588.353759765625,"orthographic":false}