{"cameraMode":{"drawMode":0,"name":"Shaded","section":"Shading Mode"},"sceneLighting":true,"audioPlay":false,"sceneViewState":{"showFog":true,"showMaterialUpdate":false,"showSkybox":true,"showFlares":true,"showImageEffects":true,"showParticleSystems":true},"in2DMode":false,"pivot":{"x":299.6800537109375,"y":-15.403959274291993,"z":226.3778533935547},"rotation":{"x":-0.009393639862537384,"y":-0.9898739457130432,"z":0.12116199731826782,"w":-0.07518558204174042},"size":213.48048400878907,"orthographic":false}