{"cameraMode":{"drawMode":0,"name":"Shaded","section":"Shading Mode"},"sceneLighting":true,"audioPlay":false,"sceneViewState":{"showFog":true,"showMaterialUpdate":false,"showSkybox":true,"showFlares":true,"showImageEffects":true,"showParticleSystems":true},"in2DMode":false,"pivot":{"x":827.0844116210938,"y":-47.29977035522461,"z":12.10117244720459},"rotation":{"x":-0.08426731079816818,"y":-0.5591310262680054,"z":0.057733822613954547,"w":-0.8229793310165405},"size":352.6717834472656,"orthographic":false}